323506,ADAPTER,0,001313022,0,0,001986546             
324872,COUPLING,0,000688804,0,3,002660595            
325405,SPRING,0,001778257,0,#N/A,002617892           
329020,CLIP,0,#N/A,0,0,#N/A                          
329091,WASHER,0,000688861,0,0,003201977              
329313,O RING,0,000688879,0,0,002666915              
330512,BOLT,0,000688945,0,0,001991686                
330695,SCREW,50,000426650,25,8,002617900             
332177,TEE,0,001572213,0,0,003374840                 
333044,BOLT EYE,0,001580687,0,0,003376241            
334814,SCREW,0,002449700,0,#N/A,003151016            
0334925000:MT,"BREATHER,AIR",0,#N/A,0,0,#N/A         
335359,SCREW,0,001778299,0,0,002733459               
335853,O RING,0,000790311,0,0,002581585              
0335874:MT,WASHER,0,#N/A,0,0,#N/A                    
335879,SEAL-O RING,3,000239848,0,0,003229770         
336027,O RING,0,000227934,0,0,001691260              
336028,O-RING,20,000790337,0,20,002667137            
336031,O-RING,270,000212530,0,0,001677277            
336033,O-RING,5,001304260,0,13,003263852             
336034,O-RING,0,000790352,0,0,003263019              
336036,O-RING,28,000656371,0,0,001688936             
336039,O-RING,0,000260133,0,0,003376845              
336042,O-RING,0,000229245,0,0,001694603              
336043,O-RING,20,000790378,0,0,003425758             
336044,O-RING,0,003163649,0,0,003182359              
337291,RIVET,0,001586569,0,#N/A,#N/A                 
337687,RING,1,#N/A,0,0,003198256                     
337849,PLUG,0,001153725,0,0,#N/A                     
338248,CLIP,0,000790477,0,0,002001436                
338734,ELBOW,0,000057208,0,0,#N/A                    
339412,RIVET,0,002720183,0,0,002617926               
339531,SPRING,0,001364165,0,#N/A,#N/A                
340728,CLIP,0,001563444,0,0,#N/A                     
341432,STRAP,3,000790519,0,4,002849206               
341994,PIN,2,001224344,0,0,#N/A                      
342535,BULB,0,000270306,0,#N/A,#N/A                  
343557,BOLT,0,000432492,0,71,001701960               
344160,BOLT,7,000616706,0,0,#N/A                     
344202,ELBOW,0,#N/A,0,0,002010700                    
344288,BOLT,0,000790568,0,0,003126471                
349814,PLATE,0,000790642,0,#N/A,#N/A                 
349954,NUT,0,000790659,0,0,001704832                 
353360,RING,13,000689018,0,0,#N/A                    
354285,PIN,2,000689026,0,#N/A,#N/A                   
354294,SEAL,3,000211276,0,#N/A,#N/A                  
358017,UNION,0,#N/A,0,0,#N/A                         
358063,PLUG,0,001153766,0,0,#N/A                     
361865,CAP A,0,000689133,0,0,#N/A                    
